prefix_len,metric,point_estimate,ci_low,ci_high,n_bootstrap
3,f1,0.0,0.0,0.0,300
3,roc_auc,0.0,0.0,0.0,197
3,pr_auc,0.8500000000000001,0.6142857142857143,0.8723412698412698,197
5,f1,0.0,0.0,0.0,300
5,roc_auc,0.38888888888888884,0.1111111111111111,0.7249999999999999,197
5,pr_auc,0.9148148148148147,0.6848469387755102,0.9639197530864198,197
10,f1,0.8,0.5,1.0,300
10,roc_auc,,,,0
10,pr_auc,,,,0
15,f1,1.0,1.0,1.0,300
15,roc_auc,,,,0
15,pr_auc,,,,0
20,f1,1.0,1.0,1.0,300
20,roc_auc,,,,0
20,pr_auc,,,,0
