prefix_len,metric,point_estimate,ci_low,ci_high,n_bootstrap
3,f1,0.0,0.0,0.0,300
3,roc_auc,0.3333333333333333,0.0,0.6714285714285712,197
3,pr_auc,0.9333333333333333,0.7428571428571429,0.9666666666666667,197
5,f1,0.0,0.0,0.0,300
5,roc_auc,0.8333333333333333,0.5812499999999999,1.0,197
5,pr_auc,0.9765432098765432,0.8602678571428571,1.0,197
10,f1,1.0,1.0,1.0,300
10,roc_auc,,,,0
10,pr_auc,,,,0
15,f1,1.0,1.0,1.0,300
15,roc_auc,,,,0
15,pr_auc,,,,0
20,f1,1.0,1.0,1.0,300
20,roc_auc,,,,0
20,pr_auc,,,,0
