prefix_len,metric,point_estimate,ci_low,ci_high,n_bootstrap
3,f1,0.0,0.0,0.0,300
3,roc_auc,0.0,0.0,0.0,197
3,pr_auc,0.832936507936508,0.577704081632653,0.8596296296296296,197
5,f1,0.9473684210526315,0.8235294117647058,1.0,300
5,roc_auc,0.0,0.0,0.0,197
5,pr_auc,0.795899470899471,0.5676530612244899,0.8407407407407408,197
10,f1,1.0,1.0,1.0,300
10,roc_auc,,,,0
10,pr_auc,,,,0
15,f1,1.0,1.0,1.0,300
15,roc_auc,,,,0
15,pr_auc,,,,0
20,f1,1.0,1.0,1.0,300
20,roc_auc,,,,0
20,pr_auc,,,,0
