dataset,model_name,threshold,feature_count,accuracy,precision,recall,f1,roc_auc,pr_auc
zenodo_public_session_features,lightgbm,0.7999999999999999,35,0.9797939778129953,0.956222331529759,0.9441476444876153,0.9501466275659824,0.9956125998848333,0.9872027472110663
zenodo_public_session_features,random_forest,0.5499999999999999,35,0.9782091917591125,0.9306791569086651,0.9650315687226809,0.9475441106342394,0.9961688543086574,0.9875831666368297
zenodo_public_session_features,xgboost,0.44999999999999996,35,0.9780110935023771,0.9417989417989417,0.9509470616804274,0.9463508941517641,0.9958392108668366,0.9875844572467665
zenodo_public_session_features,hist_gradient_boosting,0.49999999999999994,35,0.9778129952456418,0.9464720194647201,0.9446333171442448,0.9455517744287798,0.9956097596938589,0.9873218285119273
zenodo_public_session_features,catboost,0.75,35,0.9753367670364501,0.9280983916745507,0.9528897523069452,0.9403306973400432,0.9952451577312142,0.984606402665695
zenodo_public_session_features,extra_trees,0.75,35,0.9745443740095087,0.9390838206627681,0.935891209324915,0.9374847968864023,0.995240655726372,0.9843363823861541
zenodo_public_session_features,calibrated_svm,0.3,35,0.9499801901743264,0.8210743801652892,0.9650315687226809,0.8872516186648806,0.9850947381957283,0.9475252033489773
zenodo_public_session_features,logistic_regression,0.7,35,0.9499801901743264,0.8248327759197325,0.9582321515298688,0.8865423500337003,0.9833876625608986,0.936758984170317
