prefix_len,accuracy,precision,recall,f1,roc_auc
3,0.9791666666666666,0.9680851063829787,1.0,0.9837837837837838,1.0
5,1.0,1.0,1.0,1.0,1.0
10,1.0,1.0,1.0,1.0,1.0
15,1.0,1.0,1.0,1.0,1.0
20,1.0,1.0,1.0,1.0,1.0
