prefix_len,accuracy,precision,recall,f1,roc_auc
3,0.9513888888888888,0.9565217391304348,0.967032967032967,0.9617486338797814,0.9929504457806345
5,0.9861111111111112,0.989010989010989,0.989010989010989,0.989010989010989,0.9989633008500933
10,0.9921259842519685,0.9879518072289156,1.0,0.9939393939393939,1.0
15,1.0,1.0,1.0,1.0,1.0
20,1.0,1.0,1.0,1.0,1.0
